{"paths": {"admin/js/vendor/select2/i18n/pl.js": "admin/js/vendor/select2/i18n/pl.6031b4f16452.js", "admin/js/vendor/select2/i18n/hr.js": "admin/js/vendor/select2/i18n/hr.a2b092cc1147.js", "admin/js/vendor/select2/i18n/ko.js": "admin/js/vendor/select2/i18n/ko.e7be6c20e673.js", "admin/js/vendor/select2/i18n/he.js": "admin/js/vendor/select2/i18n/he.e420ff6cd3ed.js", "admin/js/vendor/select2/i18n/dsb.js": "admin/js/vendor/select2/i18n/dsb.56372c92d2f1.js", "admin/js/vendor/select2/i18n/ms.js": "admin/js/vendor/select2/i18n/ms.4ba82c9a51ce.js", "admin/js/vendor/select2/i18n/af.js": "admin/js/vendor/select2/i18n/af.4f6fcd73488c.js", "admin/js/vendor/select2/i18n/sk.js": "admin/js/vendor/select2/i18n/sk.33d02cef8d11.js", "admin/js/vendor/select2/i18n/sr-Cyrl.js": "admin/js/vendor/select2/i18n/sr-Cyrl.f254bb8c4c7c.js", "admin/js/vendor/select2/i18n/sl.js": "admin/js/vendor/select2/i18n/sl.131a78bc0752.js", "admin/js/vendor/select2/i18n/en.js": "admin/js/vendor/select2/i18n/en.cf932ba09a98.js", "admin/js/vendor/select2/i18n/th.js": "admin/js/vendor/select2/i18n/th.f38c20b0221b.js", "admin/js/vendor/select2/i18n/ps.js": "admin/js/vendor/select2/i18n/ps.38dfa47af9e0.js", "admin/js/vendor/select2/i18n/pt.js": "admin/js/vendor/select2/i18n/pt.33b4a3b44d43.js", "admin/js/vendor/select2/i18n/nl.js": "admin/js/vendor/select2/i18n/nl.997868a37ed8.js", "admin/js/vendor/select2/i18n/bg.js": "admin/js/vendor/select2/i18n/bg.39b8be30d4f0.js", "admin/js/vendor/select2/i18n/el.js": "admin/js/vendor/select2/i18n/el.27097f071856.js", "admin/js/vendor/select2/i18n/ca.js": "admin/js/vendor/select2/i18n/ca.a166b745933a.js", "admin/js/vendor/select2/i18n/km.js": "admin/js/vendor/select2/i18n/km.c23089cb06ca.js", "admin/js/vendor/select2/i18n/pt-BR.js": "admin/js/vendor/select2/i18n/pt-BR.e1b294433e7f.js", "admin/js/vendor/select2/i18n/lv.js": "admin/js/vendor/select2/i18n/lv.08e62128eac1.js", "admin/js/vendor/select2/i18n/sq.js": "admin/js/vendor/select2/i18n/sq.5636b60d29c9.js", "admin/js/vendor/select2/i18n/gl.js": "admin/js/vendor/select2/i18n/gl.d99b1fedaa86.js", "admin/js/vendor/select2/i18n/fi.js": "admin/js/vendor/select2/i18n/fi.614ec42aa9ba.js", "admin/js/vendor/select2/i18n/fa.js": "admin/js/vendor/select2/i18n/fa.3b5bd1961cfd.js", "admin/js/vendor/select2/i18n/az.js": "admin/js/vendor/select2/i18n/az.270c257daf81.js", "admin/js/vendor/select2/i18n/ka.js": "admin/js/vendor/select2/i18n/ka.2083264a54f0.js", "admin/js/vendor/select2/i18n/bs.js": "admin/js/vendor/select2/i18n/bs.91624382358e.js", "admin/js/vendor/select2/i18n/mk.js": "admin/js/vendor/select2/i18n/mk.dabbb9087130.js", "admin/js/vendor/select2/i18n/ro.js": "admin/js/vendor/select2/i18n/ro.f75cb460ec3b.js", "admin/js/vendor/select2/i18n/id.js": "admin/js/vendor/select2/i18n/id.04debded514d.js", "admin/js/vendor/select2/i18n/eu.js": "admin/js/vendor/select2/i18n/eu.adfe5c97b72c.js", "admin/js/vendor/select2/i18n/ar.js": "admin/js/vendor/select2/i18n/ar.65aa8e36bf5d.js", "admin/js/vendor/select2/i18n/it.js": "admin/js/vendor/select2/i18n/it.be4fe8d365b5.js", "admin/js/vendor/select2/i18n/zh-CN.js": "admin/js/vendor/select2/i18n/zh-CN.2cff662ec5f9.js", "admin/js/vendor/select2/i18n/uk.js": "admin/js/vendor/select2/i18n/uk.8cede7f4803c.js", "admin/js/vendor/select2/i18n/cs.js": "admin/js/vendor/select2/i18n/cs.4f43e8e7d33a.js", "admin/js/vendor/select2/i18n/zh-TW.js": "admin/js/vendor/select2/i18n/zh-TW.04554a227c2b.js", "admin/js/vendor/select2/i18n/vi.js": "admin/js/vendor/select2/i18n/vi.097a5b75b3e1.js", "admin/js/vendor/select2/i18n/fr.js": "admin/js/vendor/select2/i18n/fr.05e0542fcfe6.js", "admin/js/vendor/select2/i18n/sv.js": "admin/js/vendor/select2/i18n/sv.7a9c2f71e777.js", "admin/js/vendor/select2/i18n/es.js": "admin/js/vendor/select2/i18n/es.66dbc2652fb1.js", "admin/js/vendor/select2/i18n/tr.js": "admin/js/vendor/select2/i18n/tr.b5a0643d1545.js", "admin/js/vendor/select2/i18n/sr.js": "admin/js/vendor/select2/i18n/sr.5ed85a48f483.js", "admin/js/vendor/select2/i18n/bn.js": "admin/js/vendor/select2/i18n/bn.6d42b4dd5665.js", "admin/js/vendor/select2/i18n/ja.js": "admin/js/vendor/select2/i18n/ja.170ae885d74f.js", "admin/js/vendor/select2/i18n/nb.js": "admin/js/vendor/select2/i18n/nb.da2fce143f27.js", "admin/js/vendor/select2/i18n/hi.js": "admin/js/vendor/select2/i18n/hi.70640d41628f.js", "admin/js/vendor/select2/i18n/tk.js": "admin/js/vendor/select2/i18n/tk.7c572a68c78f.js", "admin/js/vendor/select2/i18n/is.js": "admin/js/vendor/select2/i18n/is.3ddd9a6a97e9.js", "admin/js/vendor/select2/i18n/ru.js": "admin/js/vendor/select2/i18n/ru.934aa95f5b5f.js", "admin/js/vendor/select2/i18n/da.js": "admin/js/vendor/select2/i18n/da.766346afe4dd.js", "admin/js/vendor/select2/i18n/lt.js": "admin/js/vendor/select2/i18n/lt.23c7ce903300.js", "admin/js/vendor/select2/i18n/et.js": "admin/js/vendor/select2/i18n/et.2b96fd98289d.js", "admin/js/vendor/select2/i18n/de.js": "admin/js/vendor/select2/i18n/de.8a1c222b0204.js", "admin/js/vendor/select2/i18n/hy.js": "admin/js/vendor/select2/i18n/hy.c7babaeef5a6.js", "admin/js/vendor/select2/i18n/ne.js": "admin/js/vendor/select2/i18n/ne.3d79fd3f08db.js", "admin/js/vendor/select2/i18n/hsb.js": "admin/js/vendor/select2/i18n/hsb.fa3b55265efe.js", "admin/js/vendor/select2/i18n/hu.js": "admin/js/vendor/select2/i18n/hu.6ec6039cb8a3.js", "admin/js/vendor/xregexp/xregexp.js": "admin/js/vendor/xregexp/xregexp.efda034b9537.js", "admin/js/vendor/xregexp/xregexp.min.js": "admin/js/vendor/xregexp/xregexp.min.b0439563a5d3.js", "admin/js/vendor/xregexp/LICENSE.txt": "admin/js/vendor/xregexp/LICENSE.bf79e414957a.txt", "admin/js/vendor/jquery/jquery.js": "admin/js/vendor/jquery/jquery.23c7c5d2d131.js", "admin/js/vendor/jquery/jquery.min.js": "admin/js/vendor/jquery/jquery.min.dc5e7f18c8d3.js", "admin/js/vendor/jquery/LICENSE.txt": "admin/js/vendor/jquery/LICENSE.75308107741f.txt", "admin/js/vendor/select2/select2.full.js": "admin/js/vendor/select2/select2.full.c2afdeda3058.js", "admin/js/vendor/select2/select2.full.min.js": "admin/js/vendor/select2/select2.full.min.fcd7500d8e13.js", "admin/js/vendor/select2/LICENSE.md": "admin/js/vendor/select2/LICENSE.f94142512c91.md", "admin/css/vendor/select2/LICENSE-SELECT2.md": "admin/css/vendor/select2/LICENSE-SELECT2.f94142512c91.md", "admin/css/vendor/select2/select2.min.css": "admin/css/vendor/select2/select2.min.9f54e6414f87.css", "admin/css/vendor/select2/select2.css": "admin/css/vendor/select2/select2.a2194c262648.css", "admin/js/admin/RelatedObjectLookups.js": "admin/js/admin/RelatedObjectLookups.d7e023e6523b.js", "admin/js/admin/DateTimeShortcuts.js": "admin/js/admin/DateTimeShortcuts.29d0b1965c07.js", "admin/img/gis/move_vertex_on.svg": "admin/img/gis/move_vertex_on.0047eba25b67.svg", "admin/img/gis/move_vertex_off.svg": "admin/img/gis/move_vertex_off.7a23bf31ef8a.svg", "leaflet/draw/images/spritesheet.svg": "leaflet/draw/images/spritesheet.69d89e51f62b.svg", "leaflet/draw/images/spritesheet.png": "leaflet/draw/images/spritesheet.429614175270.png", "leaflet/draw/images/layers.png": "leaflet/draw/images/layers.a6137456ed16.png", "leaflet/draw/images/layers-2x.png": "leaflet/draw/images/layers-2x.4f0283c6ce28.png", "leaflet/draw/images/spritesheet-2x.png": "leaflet/draw/images/spritesheet-2x.2f19f5c5efab.png", "leaflet/draw/images/marker-icon-2x.png": "leaflet/draw/images/marker-icon-2x.d95d69fa8a7d.png", "leaflet/draw/images/marker-shadow.png": "leaflet/draw/images/marker-shadow.44a526eed258.png", "leaflet/draw/images/marker-icon.png": "leaflet/draw/images/marker-icon.2273e3d8ad92.png", "rest_framework/docs/js/api.js": "rest_framework/docs/js/api.c9743eab7a4f.js", "rest_framework/docs/js/jquery.json-view.min.js": "rest_framework/docs/js/jquery.json-view.min.b7c2d6981377.js", "rest_framework/docs/js/highlight.pack.js": "rest_framework/docs/js/highlight.pack.479b5f21dcba.js", "rest_framework/docs/css/jquery.json-view.min.css": "rest_framework/docs/css/jquery.json-view.min.a2e6beeb6710.css", "rest_framework/docs/css/highlight.css": "rest_framework/docs/css/highlight.e0e4d973c6d7.css", "rest_framework/docs/css/base.css": "rest_framework/docs/css/base.3208b6cc4466.css", "rest_framework/docs/img/favicon.ico": "rest_framework/docs/img/favicon.5195b4d0f3eb.ico", "rest_framework/docs/img/grid.png": "rest_framework/docs/img/grid.a4b938cf382b.png", "admin/js/collapse.min.js": "admin/js/collapse.min.10ac29832e2c.js", "admin/js/SelectFilter2.js": "admin/js/SelectFilter2.d250dcb52a9a.js", "admin/js/actions.min.js": "admin/js/actions.min.5f3040a29159.js", "admin/js/prepopulate_init.js": "admin/js/prepopulate_init.e056047b7a7e.js", "admin/js/inlines.min.js": "admin/js/inlines.min.599e296e4c24.js", "admin/js/collapse.js": "admin/js/collapse.f84e7410290f.js", "admin/js/inlines.js": "admin/js/inlines.7596b7fd289e.js", "admin/js/popup_response.js": "admin/js/popup_response.c6cc78ea5551.js", "admin/js/prepopulate.min.js": "admin/js/prepopulate.min.5f7f80162256.js", "admin/js/jquery.init.js": "admin/js/jquery.init.b7781a0897fc.js", "admin/js/core.js": "admin/js/core.fae39a43def0.js", "admin/js/autocomplete.js": "admin/js/autocomplete.618a7ebf39d8.js", "admin/js/urlify.js": "admin/js/urlify.3cabcb7a9073.js", "admin/js/prepopulate.js": "admin/js/prepopulate.bd2361dfd64d.js", "admin/js/calendar.js": "admin/js/calendar.b4dcf6f850fe.js", "admin/js/actions.js": "admin/js/actions.9fe89b71cbba.js", "admin/js/change_form.js": "admin/js/change_form.9d8ca4f96b75.js", "admin/js/nav_sidebar.js": "admin/js/nav_sidebar.7605597ddf52.js", "admin/js/SelectBox.js": "admin/js/SelectBox.46d59670a7a7.js", "admin/js/cancel.js": "admin/js/cancel.50e7573ea4a7.js", "admin/fonts/Roboto-Light-webfont.woff": "admin/fonts/Roboto-Light-webfont.c73eb1ceba33.woff", "admin/fonts/Roboto-Bold-webfont.woff": "admin/fonts/Roboto-Bold-webfont.50d75e48e0a3.woff", "admin/fonts/Roboto-Regular-webfont.woff": "admin/fonts/Roboto-Regular-webfont.35b07eb2f871.woff", "admin/fonts/README.txt": "admin/fonts/README.ab99e6b541ea.txt", "admin/fonts/LICENSE.txt": "admin/fonts/LICENSE.d273d63619c9.txt", "admin/css/login.css": "admin/css/login.d2a477e04949.css", "admin/css/responsive_rtl.css": "admin/css/responsive_rtl.e13ae754cceb.css", "admin/css/rtl.css": "admin/css/rtl.775b89eb85cb.css", "admin/css/fonts.css": "admin/css/fonts.168bab448fee.css", "admin/css/forms.css": "admin/css/forms.6230fc2a74ac.css", "admin/css/base.css": "admin/css/base.efb520c4bb7c.css", "admin/css/responsive.css": "admin/css/responsive.1c318745d30f.css", "admin/css/nav_sidebar.css": "admin/css/nav_sidebar.59831780a474.css", "admin/css/dashboard.css": "admin/css/dashboard.be83f13e4369.css", "admin/css/autocomplete.css": "admin/css/autocomplete.781713f30664.css", "admin/css/changelists.css": "admin/css/changelists.69c2d200e2cb.css", "admin/css/widgets.css": "admin/css/widgets.b12c020d05e0.css", "admin/img/selector-icons.svg": "admin/img/selector-icons.b4555096cea2.svg", "admin/img/icon-unknown.svg": "admin/img/icon-unknown.a18cb4398978.svg", "admin/img/sorting-icons.svg": "admin/img/sorting-icons.3a097b59f104.svg", "admin/img/calendar-icons.svg": "admin/img/calendar-icons.39b290681a8b.svg", "admin/img/icon-unknown-alt.svg": "admin/img/icon-unknown-alt.81536e128bb6.svg", "admin/img/icon-alert.svg": "admin/img/icon-alert.034cc7d8a67f.svg", "admin/img/icon-changelink.svg": "admin/img/icon-changelink.18d2fd706348.svg", "admin/img/icon-calendar.svg": "admin/img/icon-calendar.ac7aea671bea.svg", "admin/img/icon-viewlink.svg": "admin/img/icon-viewlink.41eb31f7826e.svg", "admin/img/README.txt": "admin/img/README.a70711a38d87.txt", "admin/img/tooltag-arrowright.svg": "admin/img/tooltag-arrowright.bbfb788a849e.svg", "admin/img/search.svg": "admin/img/search.7cf54ff789c6.svg", "admin/img/icon-deletelink.svg": "admin/img/icon-deletelink.564ef9dc3854.svg", "admin/img/icon-no.svg": "admin/img/icon-no.439e821418cd.svg", "admin/img/icon-yes.svg": "admin/img/icon-yes.d2f9f035226a.svg", "admin/img/icon-addlink.svg": "admin/img/icon-addlink.d519b3bab011.svg", "admin/img/icon-clock.svg": "admin/img/icon-clock.e1d4dfac3f2b.svg", "admin/img/LICENSE": "admin/img/LICENSE.2c54f4e1ca1c", "admin/img/inline-delete.svg": "admin/img/inline-delete.fec1b761f254.svg", "admin/img/tooltag-add.svg": "admin/img/tooltag-add.e59d620a9742.svg", "gis/js/OLMapWidget.js": "gis/js/OLMapWidget.c086aadaef7c.js", "gis/css/ol3.css": "gis/css/ol3.3eed9b4a43c8.css", "gis/img/draw_line_off.svg": "gis/img/draw_line_off.6b99a2c7b95c.svg", "gis/img/draw_polygon_on.svg": "gis/img/draw_polygon_on.6793e8394e27.svg", "gis/img/draw_polygon_off.svg": "gis/img/draw_polygon_off.21a5a89c789c.svg", "gis/img/draw_point_off.svg": "gis/img/draw_point_off.ca721bf1a7e7.svg", "gis/img/draw_point_on.svg": "gis/img/draw_point_on.ff9db9f50411.svg", "gis/img/draw_line_on.svg": "gis/img/draw_line_on.a1e2ff03b12e.svg", "leaflet/draw/leaflet.draw.css": "leaflet/draw/leaflet.draw.e0243f9e1476.css", "leaflet/draw/leaflet.draw-src.css": "leaflet/draw/leaflet.draw-src.865128827a25.css", "leaflet/draw/leaflet.draw.js": "leaflet/draw/leaflet.draw.d58c6d448cfa.js", "leaflet/draw/leaflet.draw-src.js": "leaflet/draw/leaflet.draw-src.8ecade4283ba.js", "leaflet/images/toggle.png": "leaflet/images/toggle.619288fd75cf.png", "leaflet/images/layers.png": "leaflet/images/layers.a6137456ed16.png", "leaflet/images/reset-view.png": "leaflet/images/reset-view.e3a08f2f589b.png", "leaflet/images/layers-2x.png": "leaflet/images/layers-2x.4f0283c6ce28.png", "leaflet/images/zoom-in.png": "leaflet/images/zoom-in.05a5a49b814e.png", "leaflet/images/marker-icon-2x.png": "leaflet/images/marker-icon-2x.401d815dc206.png", "leaflet/images/marker-shadow.png": "leaflet/images/marker-shadow.44a526eed258.png", "leaflet/images/marker-icon.png": "leaflet/images/marker-icon.2273e3d8ad92.png", "leaflet/images/marker-icon@2x.png": "leaflet/images/marker-icon@2x.1c824216f354.png", "leaflet/images/zoom-out.png": "leaflet/images/zoom-out.082c999b5f56.png", "fonts/bootstrap/glyphicons-halflings-regular.svg": "fonts/bootstrap/glyphicons-halflings-regular.89889688147b.svg", "fonts/bootstrap/glyphicons-halflings-regular.woff": "fonts/bootstrap/glyphicons-halflings-regular.fa2772327f55.woff", "fonts/bootstrap/glyphicons-halflings-regular.ttf": "fonts/bootstrap/glyphicons-halflings-regular.e18bbf611f2a.ttf", "fonts/bootstrap/glyphicons-halflings-regular.eot": "fonts/bootstrap/glyphicons-halflings-regular.f4769f9bdb74.eot", "fonts/bootstrap/glyphicons-halflings-regular.woff2": "fonts/bootstrap/glyphicons-halflings-regular.448c34a56d69.woff2", "images/icons/icon-384x384.png": "images/icons/icon-384x384.149f682f0d93.png", "images/icons/icon-144x144.png": "images/icons/icon-144x144.4a1d6474058b.png", "images/icons/icon-192x192.png": "images/icons/icon-192x192.957dfc347925.png", "images/icons/icon-152x152.png": "images/icons/icon-152x152.de4ad4410b03.png", "images/icons/splash-1242x2208.png": "images/icons/splash-1242x2208.41849a55e70e.png", "images/icons/icon-512x512.png": "images/icons/icon-512x512.18e8d82d9df4.png", "images/icons/splash-1668x2388.png": "images/icons/splash-1668x2388.0bd50a4d0a0d.png", "images/icons/splash-1242x2688.png": "images/icons/splash-1242x2688.04936d82edce.png", "images/icons/icon-128x128.png": "images/icons/icon-128x128.3e7db4d73e81.png", "images/icons/icon-96x96.png": "images/icons/icon-96x96.38f31e5cc3fc.png", "images/icons/splash-1536x2048.png": "images/icons/splash-1536x2048.a13ea6fd727c.png", "images/icons/splash-1668x2224.png": "images/icons/splash-1668x2224.a0670816158f.png", "images/icons/splash-1125x2436.png": "images/icons/splash-1125x2436.4991d9139ac4.png", "images/icons/splash-828x1792.png": "images/icons/splash-828x1792.f68fecc50c9f.png", "images/icons/splash-2048x2732.png": "images/icons/splash-2048x2732.163d887752c9.png", "images/icons/splash-750x1334.png": "images/icons/splash-750x1334.fe9c9fbe2e7e.png", "images/icons/Thumbs.db": "images/icons/Thumbs.62572b69df5e.db", "images/icons/splash-640x1136.png": "images/icons/splash-640x1136.c9ad77556122.png", "images/icons/icon-72x72.png": "images/icons/icon-72x72.3b79af186cd9.png", "rest_framework/js/bootstrap.min.js": "rest_framework/js/bootstrap.min.2f34b630ffe3.js", "rest_framework/js/ajax-form.js": "rest_framework/js/ajax-form.0ea6e6052ab5.js", "rest_framework/js/prettify-min.js": "rest_framework/js/prettify-min.709bfcc456c6.js", "rest_framework/js/jquery-3.5.1.min.js": "rest_framework/js/jquery-3.5.1.min.dc5e7f18c8d3.js", "rest_framework/js/csrf.js": "rest_framework/js/csrf.969930007329.js", "rest_framework/js/default.js": "rest_framework/js/default.5b08897dbdc3.js", "rest_framework/js/coreapi-0.1.1.js": "rest_framework/js/coreapi-0.1.1.8851fb9336c9.js", "rest_framework/fonts/fontawesome-webfont.woff": "rest_framework/fonts/fontawesome-webfont.3293616ec0c6.woff", "rest_framework/fonts/glyphicons-halflings-regular.svg": "rest_framework/fonts/glyphicons-halflings-regular.08eda92397ae.svg", "rest_framework/fonts/glyphicons-halflings-regular.woff": "rest_framework/fonts/glyphicons-halflings-regular.fa2772327f55.woff", "rest_framework/fonts/glyphicons-halflings-regular.ttf": "rest_framework/fonts/glyphicons-halflings-regular.e18bbf611f2a.ttf", "rest_framework/fonts/fontawesome-webfont.svg": "rest_framework/fonts/fontawesome-webfont.83e37a11f9d7.svg", "rest_framework/fonts/glyphicons-halflings-regular.eot": "rest_framework/fonts/glyphicons-halflings-regular.f4769f9bdb74.eot", "rest_framework/fonts/fontawesome-webfont.eot": "rest_framework/fonts/fontawesome-webfont.8b27bc96115c.eot", "rest_framework/fonts/fontawesome-webfont.ttf": "rest_framework/fonts/fontawesome-webfont.dcb26c7239d8.ttf", "rest_framework/fonts/glyphicons-halflings-regular.woff2": "rest_framework/fonts/glyphicons-halflings-regular.448c34a56d69.woff2", "rest_framework/css/bootstrap-theme.min.css": "rest_framework/css/bootstrap-theme.min.66b84a04375e.css", "rest_framework/css/prettify.css": "rest_framework/css/prettify.a987f72342ee.css", "rest_framework/css/font-awesome-4.0.3.css": "rest_framework/css/font-awesome-4.0.3.c1e1ea213abf.css", "rest_framework/css/bootstrap.min.css": "rest_framework/css/bootstrap.min.77017a69879a.css", "rest_framework/css/bootstrap-tweaks.css": "rest_framework/css/bootstrap-tweaks.46ed116b0edd.css", "rest_framework/css/default.css": "rest_framework/css/default.8d5591a6aabc.css", "rest_framework/img/glyphicons-halflings.png": "rest_framework/img/glyphicons-halflings.90233c9067e9.png", "rest_framework/img/glyphicons-halflings-white.png": "rest_framework/img/glyphicons-halflings-white.9bbc6e960299.png", "rest_framework/img/grid.png": "rest_framework/img/grid.a4b938cf382b.png", "leaflet/leaflet.js": "leaflet/leaflet.3d572837c18a.js", "leaflet/Control.MiniMap.css": "leaflet/Control.MiniMap.5a3e29e8524a.css", "leaflet/leaflet.css": "leaflet/leaflet.7878f48ccc14.css", "leaflet/Control.MiniMap.js": "leaflet/Control.MiniMap.3bdbe956c9d0.js", "leaflet/proj4.js": "leaflet/proj4.4174d348ed14.js", "leaflet/leaflet-src.js": "leaflet/leaflet-src.18f28d2e3819.js", "leaflet/leaflet.forms.js": "leaflet/leaflet.forms.02f40e7c5276.js", "leaflet/proj4leaflet.js": "leaflet/proj4leaflet.4c72a5a790e0.js", "leaflet/leaflet.extras.js": "leaflet/leaflet.extras.b4963c342742.js", "css/django-pwa-app.css": "css/django-pwa-app.bb6b48f24c55.css"}, "version": "1.0"}